Indicador,Crescimento Total
INDE 22,-0.730505012531327
IDA,-1.8876190476190473
IEG,-0.84609022556391
IPV,-0.377201503759399
IAN,-0.6121553884711775
