Fase,INDE 22,IDA,IEG,IPV,IAN
0,7.365552631578947,7.14,8.088947368421053,7.557915789473684,6.802631578947368
1,7.199828125,6.4640625,8.522395833333333,7.360833333333333,5.7421875
2,6.958929032258065,5.406451612903226,8.165806451612903,7.33978064516129,6.403225806451613
3,6.599864864864864,5.141891891891892,7.068243243243242,6.5485945945945945,6.993243243243243
4,7.005276315789473,6.052631578947368,7.6605263157894745,7.206157894736842,6.480263157894737
5,6.875283333333333,5.873333333333333,7.343333333333334,7.260666666666666,6.25
6,7.201166666666667,6.694444444444445,7.027777777777778,8.215944444444444,5.833333333333333
7,6.6350476190476195,5.252380952380952,7.242857142857143,7.180714285714285,6.190476190476191
