Pedra 22,count,mean,median
Quartzo,132,5.246212121212121,5.0
Ágata,250,5.68,5.0
Ametista,348,6.6738505747126435,5.0
Topázio,130,8.384615384615385,10.0
