Fase,count,mean,median
0,190,6.802631578947368,5.0
1,192,5.7421875,5.0
2,155,6.403225806451613,5.0
3,148,6.993243243243243,5.0
4,76,6.480263157894737,5.0
5,60,6.25,5.0
6,18,5.833333333333333,5.0
7,21,6.190476190476191,5.0
