Ano ingresso,count,mean,median
2016,29,6.0344827586206895,5.0
2017,40,7.0,5.0
2018,67,6.268656716417911,5.0
2019,139,6.330935251798561,5.0
2020,48,5.885416666666667,5.0
2021,138,6.213768115942029,5.0
2022,399,6.591478696741855,5.0
