Idade 22,count,mean,median
7,14,10.0,10.0
8,57,10.0,10.0
9,96,6.458333333333333,5.0
10,116,5.517241379310345,5.0
11,102,6.666666666666667,5.0
12,107,5.771028037383178,5.0
13,100,7.75,10.0
14,85,6.147058823529412,5.0
15,63,6.031746031746032,5.0
16,52,4.711538461538462,5.0
17,48,5.104166666666667,5.0
18,12,4.166666666666667,5.0
19,5,5.0,5.0
20,2,5.0,5.0
21,1,5.0,5.0
