Grupo,IDA_medio,IEG_medio
Baixo IAA,5.434070796460176,7.168141592920354
Alto IAA,6.508300395256916,8.292885375494071
