Variavel,Pearson,Spearman
IAA x IDA,0.20885507431673486,0.1828530454565197
IAA x IEG,0.32341991681052745,0.2342203732022221
