,Fase,IAA
0,0,8.983157894736841
1,1,8.640104166666667
2,2,8.411612903225807
3,3,7.493243243243243
4,4,7.714473684210527
5,5,8.111666666666666
6,6,6.511111111111111
7,7,7.014285714285715
