Grupo,IDA,IEG,IAN
Baixo IPS,5.79140625,7.70546875,6.42578125
Alto IPS,6.233032490974728,7.975270758122744,6.444043321299639
