Variavel,Pearson
IPS x IDA,0.13192559474281645
IPS x IEG,0.09322010753671967
IPS x IAN,0.03406798086390011
