Indicador,Diferença Alto-Baixo IPV
IDA,3.2337595855767667
IEG,2.3061674008810567
IAA,1.2833863599282092
IPS,0.5560654266601404
IAN,0.8201276717245882
