,Fase,IPV
0,0,7.557915789473684
1,1,7.360833333333333
2,2,7.33978064516129
3,3,6.5485945945945945
4,4,7.206157894736842
5,5,7.260666666666666
6,6,8.215944444444444
7,7,7.180714285714285
