Indicador,Diferença Alto-Baixo INDE
IDA,4.3018604651162775
IEG,3.1934883720930234
IAA,2.084651162790699
IPS,0.6916279069767439
IAN,2.616279069767442
