Indicador,Coeficiente
IEG,0.254187262446684
IDA,0.24525696812918293
IPS,0.12968379327363355
IAN,0.10371330388931721
IAA,0.09524757037536892
