,Fase,INDE 22
0,0,7.365552631578947
1,1,7.199828125
2,2,6.958929032258065
3,3,6.599864864864864
4,4,7.005276315789473
5,5,6.875283333333333
6,6,7.201166666666667
7,7,6.6350476190476195
