grupo,n,IDA_medio,IPV_medio,delta_IDA,delta_IPV
Baixo engajamento (<=P25),220,4.447727272727272,6.367981818181818,2.707445141065831,1.544225078369907
Alto engajamento (>=P75),232,7.155172413793103,7.912206896551725,2.707445141065831,1.544225078369907
