par,pearson,spearman
IEG x IDA,0.5641373269334597,0.5074485209371902
IEG x IPV,0.5891779240401498,0.5403337196287981
