Pedra 22,count,mean,median
Quartzo,132,5.25909090909091,5.3
Ágata,250,7.5436000000000005,7.5
Ametista,348,8.61896551724138,8.8
Topázio,130,9.283846153846154,9.3
