Fase,taxa,%
0,0.18947368421052632,18.9
1,0.11458333333333333,11.5
2,0.21935483870967742,21.9
3,0.4391891891891892,43.9
4,0.3026315789473684,30.3
5,0.4,40.0
6,0.4444444444444444,44.4
7,0.38095238095238093,38.1
