Pedra 22,count,mean,median
Quartzo,132,3.1416666666666666,3.05
Ágata,250,5.252,5.2
Ametista,348,7.011206896551724,7.1
Topázio,130,8.248461538461537,8.2
