Fase,taxa,%
0,0.09473684210526316,9.5
1,0.20833333333333334,20.8
2,0.4,40.0
3,0.40540540540540543,40.5
4,0.21052631578947367,21.1
5,0.31666666666666665,31.7
6,0.16666666666666666,16.7
7,0.47619047619047616,47.6
